index	beginMonotonicNS	endMonotonicNS	conservativeGapSeconds	wholeTreeCPUPercent	pids
0	530674835692291	530674835952875	0.000000	42.29	1
1	530674944889458	530674945212166	0.109520	77.26	2
2	530675050907000	530675051196791	0.106307	15.09	2
3	530675159651750	530675159960625	0.109054	0.00	2
4	530675269665333	530675269974125	0.110322	0.00	2
5	530675370184375	530675370493083	0.100828	0.00	2
6	530675471642375	530675471937708	0.101753	0.00	2
7	530675578857750	530675579128875	0.107486	0.00	2
8	530675688096125	530675688354291	0.109497	0.00	2
9	530675796951291	530675797374833	0.109279	0.00	2
10	530675900107291	530675900511208	0.103560	0.00	2
11	530676001711791	530676002113166	0.102006	0.00	2
12	530676111497625	530676112004875	0.110293	0.00	2
13	530676213566708	530676213847166	0.102350	12.11	2
14	530676317509833	530676317908375	0.104342	6.99	2
15	530676419028750	530676419279458	0.101770	17.41	1
16	530676522112291	530676522501791	0.103473	83.59	2
17	530676623721666	530676624041916	0.101930	69.53	2
18	530676730300583	530676730551000	0.106829	68.58	1
19	530676840087958	530676840262083	0.109962	138.56	1
20	530676946807541	530676947126250	0.107038	93.33	3
21	530677053556500	530677053942666	0.107135	35.85	4
22	530677160094958	530677160383958	0.106827	18.55	2
23	530677260934291	530677261205916	0.101111	61.63	2
24	530677362968416	530677363238500	0.102304	13.37	2
25	530677468259875	530677468540458	0.105572	3.44	1
26	530677576659291	530677576889958	0.108630	10.80	1
27	530677678308583	530677678550041	0.101891	0.00	1
28	530677787243625	530677787557000	0.109248	0.00	1
29	530677888194208	530677888439375	0.101196	0.00	1
30	530677997522458	530677997767458	0.109573	0.00	1
31	530678107530625	530678107834291	0.110312	0.00	1
32	530678216842875	530678217096583	0.109566	11.76	1
33	530678324003500	530678324411166	0.107568	21.20	2
34	530678429638625	530678429894541	0.105891	7.70	2
35	530678536312625	530678536565750	0.106927	9.41	1
36	530678646331666	530678646629625	0.110317	23.10	1
37	530678755067208	530678755318166	0.108987	0.00	1
38	530678865084833	530678865305000	0.110238	0.00	1
39	530678975097958	530678975320166	0.110235	0.00	1
40	530679085126416	530679085483250	0.110385	0.00	1
41	530679185738250	530679186019000	0.100893	2.94	1
42	530679290244250	530679290538500	0.104800	0.00	1
43	530679397570625	530679397928916	0.107685	0.00	1
44	530679499190208	530679499436583	0.101866	0.00	1
45	530679609225750	530679609662375	0.110472	0.00	1
46	530679714009875	530679714352208	0.105126	0.00	1
47	530679820868583	530679821112916	0.107103	16.86	1
48	530679923168250	530679923441708	0.102573	52.20	1
49	530680024155625	530680024400166	0.101232	126.22	1
50	530680128096541	530680128356583	0.104201	99.25	1
51	530680238133291	530680238326375	0.110230	97.10	1
52	530680343142625	530680343364333	0.105231	99.54	1
53	530680445422208	530680445654666	0.102512	109.89	1
54	530680553889125	530680554134208	0.108712	72.61	1
55	530680654763291	530680655052625	0.101164	98.68	2
56	530680756170250	530680756342041	0.101579	39.97	2
57	530680863321916	530680863811750	0.107642	52.81	2
58	530680966599666	530680967018041	0.103696	10.84	2
59	530681073784958	530681074048375	0.107449	0.00	2
60	530681177916125	530681178205208	0.104420	0.00	2
61	530681284780708	530681285050791	0.107135	0.00	2
62	530681386302125	530681386821041	0.102040	0.00	2
63	530681487434541	530681487743875	0.101442	0.50	1
64	530681589029750	530681589380750	0.101946	0.00	1
65	530681690603375	530681690926166	0.101896	0.00	1
66	530681792192500	530681792600458	0.101997	0.00	1
67	530681893773916	530681894201083	0.102009	0.00	1
68	530682001176958	530682001515416	0.107742	0.00	1
69	530682102728625	530682103065500	0.101889	16.70	2
70	530682205274916	530682205659666	0.102931	5.89	2
71	530682305568333	530682305884750	0.100610	72.92	2
72	530682415274791	530682415589500	0.110021	54.74	2
73	530682517809208	530682518054708	0.102780	1.24	1
74	530682623164541	530682623438166	0.105629	21.45	2
75	530682726837583	530682727106916	0.103942	40.88	2
76	530682835155666	530682835429916	0.108592	1.10	1
77	530682938114625	530682938333250	0.103178	15.24	2
78	530683038886833	530683039178125	0.101064	35.88	2
79	530683144798166	530683145127458	0.106241	27.54	2
80	530683251626458	530683251935625	0.107137	175.68	2
81	530683353149208	530683353446041	0.101820	198.99	2
82	530683461463333	530683461784583	0.108635	194.48	2
83	530683570686250	530683571016291	0.109553	200.06	2
84	530683678347833	530683678657333	0.107971	199.20	2
85	530683788205375	530683788501333	0.110154	198.61	2
86	530683889046333	530683889351958	0.101147	202.58	2
87	530683999064750	530683999366916	0.110321	196.85	2
88	530684107671916	530684107952291	0.108888	195.05	2
89	530684213424625	530684213767083	0.106095	204.18	2
90	530684320451083	530684320903000	0.107478	200.56	2
91	530684429446916	530684429781125	0.109330	198.84	2
92	530684538760791	530684539083291	0.109636	198.37	2
93	530684648775291	530684649088083	0.110327	196.96	2
94	530684755134333	530684755432250	0.106657	205.10	2
95	530684863633666	530684863919666	0.108785	190.41	2
96	530684966038333	530684966407958	0.102774	206.19	2
97	530685066952291	530685067377916	0.101340	195.44	2
98	530685171292333	530685171654125	0.104702	197.96	2
99	530685278413208	530685278764791	0.107472	194.00	2
100	530685378548791	530685378942375	0.100529	196.02	2
101	530685488091041	530685488415916	0.109867	194.47	2
102	530685594207083	530685594554500	0.106463	203.25	2
103	530685697236333	530685697726333	0.103519	194.86	2
104	530685801369708	530685801730500	0.104494	199.53	2
105	530685911393125	530685911674375	0.110305	192.94	2
106	530686013431000	530686013696416	0.102303	204.91	2
107	530686113605416	530686113943208	0.100512	201.82	2
108	530686216670708	530686217023958	0.103419	196.87	2
109	530686325439208	530686325754000	0.109083	200.73	2
110	530686435072875	530686435405958	0.109967	193.25	2
111	530686544097291	530686544492916	0.109420	205.09	2
112	530686652907125	530686653248583	0.109151	196.89	2
113	530686762494291	530686762930583	0.110023	198.37	2
114	530686865928791	530686866246750	0.103752	195.97	2
115	530686973638416	530686973964750	0.108036	200.99	2
116	530687082756291	530687083059125	0.109421	196.31	2
117	530687185005791	530687185318583	0.102562	193.37	2
118	530687292409125	530687292747708	0.107742	196.83	2
119	530687393764208	530687394129375	0.101720	198.71	2
120	530687503782583	530687504084333	0.110320	194.77	2
121	530687609471541	530687609808583	0.106026	200.25	2
122	530687714235083	530687714566000	0.105094	195.06	2
123	530687824251041	530687824478875	0.110244	200.04	2
124	530687933430375	530687933677833	0.109427	195.75	2
125	530688036974916	530688037255250	0.103825	207.29	2
126	530688145225250	530688145459875	0.108485	198.78	2
127	530688254649875	530688255016125	0.109791	200.11	2
128	530688364672375	530688365017791	0.110368	193.30	2
129	530688472144833	530688472454583	0.107782	201.54	2
130	530688582165458	530688582489833	0.110345	196.86	2
131	530688690763166	530688691062875	0.108897	204.11	2
132	530688799300666	530688799611791	0.108849	159.26	2
133	530688909335958	530688909749708	0.110449	100.36	2
134	530689018758208	530689019036666	0.109701	31.98	2
135	530689126164041	530689126368625	0.107610	12.52	2
136	530689235969291	530689236316208	0.110152	1.49	2
137	530689345618416	530689345991583	0.110022	0.00	2
138	530689455638125	530689455981458	0.110363	0.00	2
139	530689565658416	530689565911750	0.110274	0.00	2
140	530689669426500	530689669772458	0.104114	0.00	2
141	530689778759125	530689779125333	0.109699	0.00	2
142	530689880469625	530689880867583	0.102108	0.00	2
143	530689985004791	530689985302041	0.104832	49.78	2
144	530690086626708	530690086952083	0.101947	23.58	2
145	530690194780125	530690195076916	0.108450	37.49	2
146	530690294981750	530690295225583	0.100445	0.00	2
147	530690404705750	530690405145958	0.110164	0.00	2
148	530690514163541	530690514569166	0.109863	0.00	2
149	530690624184041	530690624491166	0.110328	0.00	2
150	530690733430958	530690733794375	0.109610	0.00	2
151	530690843449416	530690843739041	0.110308	38.74	2
152	530690944464708	530690944748416	0.101299	0.00	2
153	530691054487416	530691054793583	0.110329	0.00	2
154	530691162763625	530691163058041	0.108571	0.00	2
155	530691264681750	530691264968791	0.102205	0.00	2
156	530691366500791	530691366878416	0.102197	0.00	2
157	530691476123541	530691476424583	0.109924	26.73	2
158	530691577031833	530691577097916	0.100974	0.00	0
