index	beginMonotonicNS	endMonotonicNS	pid	ppid	pgid	startSeconds	startMicroseconds	cpuAbsoluteTicks	command
0	530695837478208	530695837732375	58193	57905	58193	1791506458	699080	42683	swift
1	530695938776791	530695938958958	58193	57905	58193	1791506458	699080	1099723	swift-package
2	530696048186625	530696048479291	58193	57905	58193	1791506458	699080	1929905	swift-package
2	530696048186625	530696048479291	58375	58193	58375	1791506458	862678	824933	swift-driver
3	530696149440416	530696149665125	58193	57905	58193	1791506458	699080	1972638	swift-package
3	530696149440416	530696149665125	58439	58193	58439	1791506458	984003	1451	xcrun
4	530696256370041	530696256537291	58193	57905	58193	1791506458	699080	1972638	swift-package
4	530696256370041	530696256537291	58439	58193	58439	1791506458	984003	1451	xcrun
5	530696358781208	530696358919375	58193	57905	58193	1791506458	699080	1972638	swift-package
5	530696358781208	530696358919375	58439	58193	58439	1791506458	984003	1451	xcrun
6	530696466765291	530696466971541	58193	57905	58193	1791506458	699080	1972638	swift-package
6	530696466765291	530696466971541	58439	58193	58439	1791506458	984003	1451	xcrun
7	530696568831958	530696569124500	58193	57905	58193	1791506458	699080	1972638	swift-package
7	530696568831958	530696569124500	58439	58193	58439	1791506458	984003	1451	xcrun
8	530696676187833	530696676577250	58193	57905	58193	1791506458	699080	1972638	swift-package
8	530696676187833	530696676577250	58439	58193	58439	1791506458	984003	1451	xcrun
9	530696783570166	530696783959666	58193	57905	58193	1791506458	699080	1972638	swift-package
9	530696783570166	530696783959666	58439	58193	58439	1791506458	984003	1451	xcrun
10	530696893518875	530696894101208	58193	57905	58193	1791506458	699080	1972638	swift-package
10	530696893518875	530696894101208	58439	58193	58439	1791506458	984003	1451	xcrun
11	530697001227291	530697001388583	58193	57905	58193	1791506458	699080	1972638	swift-package
11	530697001227291	530697001388583	58439	58193	58439	1791506458	984003	1451	xcrun
12	530697109737958	530697110075416	58193	57905	58193	1791506458	699080	1972638	swift-package
12	530697109737958	530697110075416	58439	58193	58439	1791506458	984003	1451	xcrun
13	530697213111708	530697213373041	58193	57905	58193	1791506458	699080	1972638	swift-package
13	530697213111708	530697213373041	58439	58193	58439	1791506458	984003	1451	xcrun
14	530697322768416	530697323232125	58193	57905	58193	1791506458	699080	1972638	swift-package
14	530697322768416	530697323232125	58439	58193	58439	1791506458	984003	1451	xcrun
15	530697425014875	530697425291541	58193	57905	58193	1791506458	699080	2080991	swift-package
16	530697529482958	530697529812500	58193	57905	58193	1791506458	699080	3055159	swift-package
16	530697529482958	530697529812500	58638	58193	58638	1791506460	379293	255327	swift-frontend
17	530697629606708	530697630006708	58193	57905	58193	1791506458	699080	3254130	swift-package
17	530697629606708	530697630006708	58711	58193	58711	1791506460	490152	70926	swift-frontend
18	530697733294458	530697733552208	58193	57905	58193	1791506458	699080	3352325	swift-package
19	530697839321458	530697839560791	58193	57905	58193	1791506458	699080	5732116	swift-package
20	530697944945500	530697945263000	58193	57905	58193	1791506458	699080	9142647	swift-package
20	530697944945500	530697945263000	58786	58193	58786	1791506460	796636	293800	swift-frontend
21	530698046650166	530698047096250	58193	57905	58193	1791506458	699080	9142647	swift-package
21	530698046650166	530698047096250	58786	58193	58786	1791506460	796636	1703702	swift-driver
21	530698046650166	530698047096250	58788	58786	58788	1791506460	872244	845282	swift-frontend
22	530698155334833	530698155601416	58193	57905	58193	1791506458	699080	9186990	swift-package
22	530698155334833	530698155601416	58805	58193	58805	1791506461	2160	249015	git
23	530698257742750	530698258028916	58193	57905	58193	1791506458	699080	9237906	swift-package
23	530698257742750	530698258028916	58813	58193	58813	1791506461	52091	935492	git
24	530698360152208	530698360421208	58193	57905	58193	1791506458	699080	9270665	swift-package
24	530698360152208	530698360421208	58814	58193	58814	1791506461	217409	196007	sandbox-exec
25	530698466587375	530698466782208	58193	57905	58193	1791506458	699080	9270665	swift-package
25	530698466587375	530698466782208	58814	58193	58814	1791506461	217409	293597	wavewranglerkit-manifest
26	530698576609250	530698576789166	58193	57905	58193	1791506458	699080	9270665	swift-package
26	530698576609250	530698576789166	58814	58193	58814	1791506461	217409	293597	wavewranglerkit-manifest
27	530698684943083	530698685410166	58193	57905	58193	1791506458	699080	9270665	swift-package
27	530698684943083	530698685410166	58814	58193	58814	1791506461	217409	293597	wavewranglerkit-manifest
28	530698789199125	530698789785375	58193	57905	58193	1791506458	699080	9270665	swift-package
28	530698789199125	530698789785375	58814	58193	58814	1791506461	217409	293597	wavewranglerkit-manifest
29	530698890788208	530698891339041	58193	57905	58193	1791506458	699080	9270665	swift-package
29	530698890788208	530698891339041	58814	58193	58814	1791506461	217409	293597	wavewranglerkit-manifest
30	530698995278833	530698995764708	58193	57905	58193	1791506458	699080	9270665	swift-package
30	530698995278833	530698995764708	58814	58193	58814	1791506461	217409	293597	wavewranglerkit-manifest
31	530699096826250	530699097086291	58193	57905	58193	1791506458	699080	9406555	swift-package
32	530699197651333	530699197951125	58193	57905	58193	1791506458	699080	10327064	swift-package
32	530699197651333	530699197951125	59073	58193	59073	1791506462	60702	46161	xcrun
33	530699307627458	530699307926583	58193	57905	58193	1791506458	699080	10428745	swift-package
33	530699307627458	530699307926583	59156	58193	59156	1791506462	126006	783	xcrun
34	530699417646291	530699417914875	58193	57905	58193	1791506458	699080	10428745	swift-package
34	530699417646291	530699417914875	59156	58193	59156	1791506462	126006	783	xcrun
35	530699524857333	530699525134541	58193	57905	58193	1791506458	699080	10428745	swift-package
35	530699524857333	530699525134541	59156	58193	59156	1791506462	126006	783	xcrun
36	530699634889708	530699635354291	58193	57905	58193	1791506458	699080	10428745	swift-package
36	530699634889708	530699635354291	59156	58193	59156	1791506462	126006	783	xcrun
37	530699735405625	530699736037083	58193	57905	58193	1791506458	699080	10428745	swift-package
37	530699735405625	530699736037083	59156	58193	59156	1791506462	126006	783	xcrun
38	530699839904666	530699840498125	58193	57905	58193	1791506458	699080	10428745	swift-package
38	530699839904666	530699840498125	59156	58193	59156	1791506462	126006	783	xcrun
39	530699948283625	530699948675958	58193	57905	58193	1791506458	699080	10428745	swift-package
39	530699948283625	530699948675958	59156	58193	59156	1791506462	126006	783	xcrun
40	530700054110500	530700054478250	58193	57905	58193	1791506458	699080	10428745	swift-package
40	530700054110500	530700054478250	59156	58193	59156	1791506462	126006	783	xcrun
41	530700158640500	530700159151875	58193	57905	58193	1791506458	699080	10428745	swift-package
41	530700158640500	530700159151875	59156	58193	59156	1791506462	126006	783	xcrun
42	530700268258333	530700268566041	58193	57905	58193	1791506458	699080	10428745	swift-package
42	530700268258333	530700268566041	59156	58193	59156	1791506462	126006	783	xcrun
43	530700378285750	530700378894958	58193	57905	58193	1791506458	699080	10428745	swift-package
43	530700378285750	530700378894958	59156	58193	59156	1791506462	126006	783	xcrun
44	530700481324416	530700481723958	58193	57905	58193	1791506458	699080	10465805	swift-package
44	530700481324416	530700481723958	59243	58193	59243	1791506463	326165	159953	vtool
45	530700591344083	530700591683666	58193	57905	58193	1791506458	699080	10609543	swift-package
45	530700591344083	530700591683666	59301	58193	59301	1791506463	450868	66931	xcrun
46	530700692760125	530700693032000	58193	57905	58193	1791506458	699080	11661842	swift-package
47	530700803023041	530700803272416	58193	57905	58193	1791506458	699080	13861010	swift-package
48	530700911252291	530700911502458	58193	57905	58193	1791506458	699080	17533181	swift-package
49	530701020106875	530701020306708	58193	57905	58193	1791506458	699080	20136889	swift-package
50	530701128089958	530701128401916	58193	57905	58193	1791506458	699080	22913200	swift-package
51	530701228980875	530701229237375	58193	57905	58193	1791506458	699080	25268501	swift-package
52	530701329326541	530701329563541	58193	57905	58193	1791506458	699080	27804319	swift-package
53	530701431258875	530701431453208	58193	57905	58193	1791506458	699080	28476594	swift-package
54	530701535182416	530701535469125	58193	57905	58193	1791506458	699080	28530203	swift-package
54	530701535182416	530701535469125	59497	58193	59497	1791506464	372574	641431	swiftpm-xctest-helper
55	530701637430833	530701637716875	58193	57905	58193	1791506458	699080	28530203	swift-package
55	530701637430833	530701637716875	59497	58193	59497	1791506464	372574	761489	swiftpm-xctest-helper
56	530701742189875	530701742467916	58193	57905	58193	1791506458	699080	28530203	swift-package
56	530701742189875	530701742467916	59497	58193	59497	1791506464	372574	761489	swiftpm-xctest-helper
57	530701844768875	530701845221041	58193	57905	58193	1791506458	699080	28530203	swift-package
57	530701844768875	530701845221041	59497	58193	59497	1791506464	372574	761489	swiftpm-xctest-helper
58	530701952475708	530701952931583	58193	57905	58193	1791506458	699080	28530203	swift-package
58	530701952475708	530701952931583	59497	58193	59497	1791506464	372574	761489	swiftpm-xctest-helper
59	530702054501416	530702054938625	58193	57905	58193	1791506458	699080	28530203	swift-package
59	530702054501416	530702054938625	59497	58193	59497	1791506464	372574	761489	swiftpm-xctest-helper
60	530702156058041	530702156258500	58193	57905	58193	1791506458	699080	28575596	swift-package
60	530702156058041	530702156258500	59582	58193	59582	1791506465	19493	1418	swiftpm-xctest-helper
61	530702259403166	530702259596291	58193	57905	58193	1791506458	699080	28595364	swift-package
62	530702359705875	530702360254541	58193	57905	58193	1791506458	699080	28617026	swift-package
62	530702359705875	530702360254541	59694	58193	59694	1791506465	126495	1885953	swiftpm-xctest-helper
63	530702461418333	530702461770083	58193	57905	58193	1791506458	699080	28667454	swift-package
63	530702461418333	530702461770083	59800	58193	59800	1791506465	237425	1867387	swiftpm-xctest-helper
64	530702570032333	530702570392000	58193	57905	58193	1791506458	699080	28751676	swift-package
64	530702570032333	530702570392000	59844	58193	59844	1791506465	421987	299349	swiftpm-xctest-helper
65	530702673017625	530702673323333	58193	57905	58193	1791506458	699080	28785300	swift-package
65	530702673017625	530702673323333	59845	58193	59845	1791506465	508265	714327	swiftpm-xctest-helper
66	530702776112416	530702776460000	58193	57905	58193	1791506458	699080	28817084	swift-package
66	530702776112416	530702776460000	59846	58193	59846	1791506465	590418	1180668	swiftpm-xctest-helper
67	530702885150416	530702885391958	58193	57905	58193	1791506458	699080	28860071	swift-package
68	530702992106541	530702992474041	58193	57905	58193	1791506458	699080	28919853	swift-package
68	530702992106541	530702992474041	59851	58193	59851	1791506465	839628	413953	swiftpm-xctest-helper
69	530703101430083	530703101739000	58193	57905	58193	1791506458	699080	28991127	swift-package
69	530703101430083	530703101739000	59852	58193	59852	1791506465	917883	1148057	swiftpm-testing-helper
70	530703205703833	530703206027750	58193	57905	58193	1791506458	699080	29028897	swift-package
70	530703205703833	530703206027750	59854	58193	59854	1791506466	30481	913613	swiftpm-testing-helper
71	530703311851833	530703312214916	58193	57905	58193	1791506458	699080	29029751	swift-package
71	530703311851833	530703312214916	59854	58193	59854	1791506466	30481	5572740	swiftpm-testing-helper
72	530703421449958	530703421852583	58193	57905	58193	1791506458	699080	29029751	swift-package
72	530703421449958	530703421852583	59854	58193	59854	1791506466	30481	10905262	swiftpm-testing-helper
73	530703528930875	530703529287958	58193	57905	58193	1791506458	699080	29029751	swift-package
73	530703528930875	530703529287958	59854	58193	59854	1791506466	30481	15959218	swiftpm-testing-helper
74	530703632340375	530703632625416	58193	57905	58193	1791506458	699080	29029751	swift-package
74	530703632340375	530703632625416	59854	58193	59854	1791506466	30481	20790726	swiftpm-testing-helper
75	530703735679250	530703736080416	58193	57905	58193	1791506458	699080	29029751	swift-package
75	530703735679250	530703736080416	59854	58193	59854	1791506466	30481	25726463	swiftpm-testing-helper
76	530703845696208	530703845949416	58193	57905	58193	1791506458	699080	29029751	swift-package
76	530703845696208	530703845949416	59854	58193	59854	1791506466	30481	30877245	swiftpm-testing-helper
77	530703954759416	530703955062958	58193	57905	58193	1791506458	699080	29029751	swift-package
77	530703954759416	530703955062958	59854	58193	59854	1791506466	30481	36325351	swiftpm-testing-helper
78	530704062864125	530704063147041	58193	57905	58193	1791506458	699080	29029751	swift-package
78	530704062864125	530704063147041	59854	58193	59854	1791506466	30481	41453572	swiftpm-testing-helper
79	530704163933541	530704164244083	58193	57905	58193	1791506458	699080	29029751	swift-package
79	530704163933541	530704164244083	59854	58193	59854	1791506466	30481	46346730	swiftpm-testing-helper
80	530704264381291	530704264808958	58193	57905	58193	1791506458	699080	29029751	swift-package
80	530704264381291	530704264808958	59854	58193	59854	1791506466	30481	51116325	swiftpm-testing-helper
81	530704373427833	530704373755833	58193	57905	58193	1791506458	699080	29029751	swift-package
81	530704373427833	530704373755833	59854	58193	59854	1791506466	30481	56231055	swiftpm-testing-helper
82	530704479660791	530704479911958	58193	57905	58193	1791506458	699080	29029751	swift-package
82	530704479660791	530704479911958	59854	58193	59854	1791506466	30481	61361905	swiftpm-testing-helper
83	530704589238166	530704589581458	58193	57905	58193	1791506458	699080	29029751	swift-package
83	530704589238166	530704589581458	59854	58193	59854	1791506466	30481	66563041	swiftpm-testing-helper
84	530704699255041	530704699518291	58193	57905	58193	1791506458	699080	29029751	swift-package
84	530704699255041	530704699518291	59854	58193	59854	1791506466	30481	71807648	swiftpm-testing-helper
85	530704799857583	530704800180041	58193	57905	58193	1791506458	699080	29029751	swift-package
85	530704799857583	530704800180041	59854	58193	59854	1791506466	30481	76559906	swiftpm-testing-helper
86	530704901906291	530704902308291	58193	57905	58193	1791506458	699080	29029751	swift-package
86	530704901906291	530704902308291	59854	58193	59854	1791506466	30481	81529336	swiftpm-testing-helper
87	530705011394083	530705011700166	58193	57905	58193	1791506458	699080	29029751	swift-package
87	530705011394083	530705011700166	59854	58193	59854	1791506466	30481	86761423	swiftpm-testing-helper
88	530705120348208	530705120644875	58193	57905	58193	1791506458	699080	29029751	swift-package
88	530705120348208	530705120644875	59854	58193	59854	1791506466	30481	91992496	swiftpm-testing-helper
89	530705228073541	530705228424000	58193	57905	58193	1791506458	699080	29029751	swift-package
89	530705228073541	530705228424000	59854	58193	59854	1791506466	30481	97178528	swiftpm-testing-helper
90	530705328632875	530705328946666	58193	57905	58193	1791506458	699080	29029751	swift-package
90	530705328632875	530705328946666	59854	58193	59854	1791506466	30481	101942302	swiftpm-testing-helper
91	530705429106375	530705429384750	58193	57905	58193	1791506458	699080	29029751	swift-package
91	530705429106375	530705429384750	59854	58193	59854	1791506466	30481	106779119	swiftpm-testing-helper
92	530705533485916	530705533853416	58193	57905	58193	1791506458	699080	29032691	swift-package
92	530705533485916	530705533853416	59854	58193	59854	1791506466	30481	111765309	swiftpm-testing-helper
93	530705633615125	530705633903916	58193	57905	58193	1791506458	699080	29032691	swift-package
93	530705633615125	530705633903916	59854	58193	59854	1791506466	30481	116550823	swiftpm-testing-helper
94	530705743460375	530705743786916	58193	57905	58193	1791506458	699080	29032691	swift-package
94	530705743460375	530705743786916	59854	58193	59854	1791506466	30481	121731288	swiftpm-testing-helper
95	530705845712250	530705846067291	58193	57905	58193	1791506458	699080	29032691	swift-package
95	530705845712250	530705846067291	59854	58193	59854	1791506466	30481	126560107	swiftpm-testing-helper
96	530705949918458	530705950326791	58193	57905	58193	1791506458	699080	29037111	swift-package
96	530705949918458	530705950326791	59854	58193	59854	1791506466	30481	131587101	swiftpm-testing-helper
97	530706055717833	530706056005583	58193	57905	58193	1791506458	699080	29037111	swift-package
97	530706055717833	530706056005583	59854	58193	59854	1791506466	30481	136546590	swiftpm-testing-helper
98	530706161563958	530706161880583	58193	57905	58193	1791506458	699080	29037111	swift-package
98	530706161563958	530706161880583	59854	58193	59854	1791506466	30481	141672554	swiftpm-testing-helper
99	530706270706750	530706270997416	58193	57905	58193	1791506458	699080	29037111	swift-package
99	530706270706750	530706270997416	59854	58193	59854	1791506466	30481	146839356	swiftpm-testing-helper
100	530706378758666	530706379137125	58193	57905	58193	1791506458	699080	29037111	swift-package
100	530706378758666	530706379137125	59854	58193	59854	1791506466	30481	152035615	swiftpm-testing-helper
101	530706486166333	530706486426500	58193	57905	58193	1791506458	699080	29039738	swift-package
101	530706486166333	530706486426500	59854	58193	59854	1791506466	30481	157130573	swiftpm-testing-helper
102	530706591051666	530706591341333	58193	57905	58193	1791506458	699080	29039738	swift-package
102	530706591051666	530706591341333	59854	58193	59854	1791506466	30481	161969128	swiftpm-testing-helper
103	530706700274708	530706700563333	58193	57905	58193	1791506458	699080	29039738	swift-package
103	530706700274708	530706700563333	59854	58193	59854	1791506466	30481	167244601	swiftpm-testing-helper
104	530706802177208	530706802513125	58193	57905	58193	1791506458	699080	29039738	swift-package
104	530706802177208	530706802513125	59854	58193	59854	1791506466	30481	172167558	swiftpm-testing-helper
105	530706912160833	530706912460125	58193	57905	58193	1791506458	699080	29039738	swift-package
105	530706912160833	530706912460125	59854	58193	59854	1791506466	30481	177379892	swiftpm-testing-helper
106	530707022178416	530707022471083	58193	57905	58193	1791506458	699080	29039738	swift-package
106	530707022178416	530707022471083	59854	58193	59854	1791506466	30481	182574597	swiftpm-testing-helper
107	530707132202083	530707132589375	58193	57905	58193	1791506458	699080	29039738	swift-package
107	530707132202083	530707132589375	59854	58193	59854	1791506466	30481	187892000	swiftpm-testing-helper
108	530707242217916	530707242552333	58193	57905	58193	1791506458	699080	29039738	swift-package
108	530707242217916	530707242552333	59854	58193	59854	1791506466	30481	193033754	swiftpm-testing-helper
109	530707351578166	530707351884208	58193	57905	58193	1791506458	699080	29039738	swift-package
109	530707351578166	530707351884208	59854	58193	59854	1791506466	30481	198157992	swiftpm-testing-helper
110	530707457219416	530707457465916	58193	57905	58193	1791506458	699080	29039738	swift-package
110	530707457219416	530707457465916	59854	58193	59854	1791506466	30481	202955124	swiftpm-testing-helper
111	530707566606875	530707566974000	58193	57905	58193	1791506458	699080	29039738	swift-package
111	530707566606875	530707566974000	59854	58193	59854	1791506466	30481	208200446	swiftpm-testing-helper
112	530707676611625	530707676965666	58193	57905	58193	1791506458	699080	29039738	swift-package
112	530707676611625	530707676965666	59854	58193	59854	1791506466	30481	213091515	swiftpm-testing-helper
113	530707777679750	530707778051125	58193	57905	58193	1791506458	699080	29039738	swift-package
113	530707777679750	530707778051125	59854	58193	59854	1791506466	30481	218208672	swiftpm-testing-helper
114	530707887398250	530707887840333	58193	57905	58193	1791506458	699080	29039738	swift-package
114	530707887398250	530707887840333	59854	58193	59854	1791506466	30481	223400807	swiftpm-testing-helper
115	530707988028833	530707988374166	58193	57905	58193	1791506458	699080	29039738	swift-package
115	530707988028833	530707988374166	59854	58193	59854	1791506466	30481	228138591	swiftpm-testing-helper
116	530708093480583	530708093799541	58193	57905	58193	1791506458	699080	29039738	swift-package
116	530708093480583	530708093799541	59854	58193	59854	1791506466	30481	233190584	swiftpm-testing-helper
117	530708202762375	530708203065208	58193	57905	58193	1791506458	699080	29039738	swift-package
117	530708202762375	530708203065208	59854	58193	59854	1791506466	30481	238409361	swiftpm-testing-helper
118	530708303940291	530708304224291	58193	57905	58193	1791506458	699080	29039738	swift-package
118	530708303940291	530708304224291	59854	58193	59854	1791506466	30481	243215527	swiftpm-testing-helper
119	530708406886083	530708407307625	58193	57905	58193	1791506458	699080	29041331	swift-package
119	530708406886083	530708407307625	59854	58193	59854	1791506466	30481	248122701	swiftpm-testing-helper
120	530708509795541	530708510100583	58193	57905	58193	1791506458	699080	29041331	swift-package
120	530708509795541	530708510100583	59854	58193	59854	1791506466	30481	252984392	swiftpm-testing-helper
121	530708618828083	530708619230125	58193	57905	58193	1791506458	699080	29041331	swift-package
121	530708618828083	530708619230125	59854	58193	59854	1791506466	30481	258140866	swiftpm-testing-helper
122	530708719263250	530708719582333	58193	57905	58193	1791506458	699080	29041331	swift-package
122	530708719263250	530708719582333	59854	58193	59854	1791506466	30481	262874936	swiftpm-testing-helper
123	530708829283958	530708829605500	58193	57905	58193	1791506458	699080	29041331	swift-package
123	530708829283958	530708829605500	59854	58193	59854	1791506466	30481	268127078	swiftpm-testing-helper
124	530708939303375	530708939650375	58193	57905	58193	1791506458	699080	29041331	swift-package
124	530708939303375	530708939650375	59854	58193	59854	1791506466	30481	271248150	swiftpm-testing-helper
125	530709049125291	530709049417000	58193	57905	58193	1791506458	699080	29060643	swift-package
125	530709049125291	530709049417000	61061	58193	61061	1791506471	905415	1143	swiftpm-testing-helper
126	530709149403208	530709149671750	58193	57905	58193	1791506458	699080	29060643	swift-package
126	530709149403208	530709149671750	61061	58193	61061	1791506471	905415	1143	swiftpm-testing-helper
127	530709249447791	530709249772041	58193	57905	58193	1791506458	699080	29060643	swift-package
127	530709249447791	530709249772041	61061	58193	61061	1791506471	905415	1143	swiftpm-testing-helper
128	530709352096875	530709352562958	58193	57905	58193	1791506458	699080	29085074	swift-package
128	530709352096875	530709352562958	61080	58193	61080	1791506472	181136	754748	swiftpm-testing-helper
129	530709455856541	530709456147125	58193	57905	58193	1791506458	699080	29105967	swift-package
130	530709564739958	530709565057583	58193	57905	58193	1791506458	699080	29148898	swift-package
130	530709564739958	530709565057583	61276	58193	61276	1791506472	396259	736644	swiftpm-testing-helper
131	530709673961416	530709674266625	58193	57905	58193	1791506458	699080	29148898	swift-package
131	530709673961416	530709674266625	61276	58193	61276	1791506472	396259	1031226	swiftpm-testing-helper
132	530709782730458	530709783020791	58193	57905	58193	1791506458	699080	29148898	swift-package
132	530709782730458	530709783020791	61276	58193	61276	1791506472	396259	1031226	swiftpm-testing-helper
133	530709892739500	530709893002041	58193	57905	58193	1791506458	699080	29148898	swift-package
133	530709892739500	530709893002041	61276	58193	61276	1791506472	396259	1031226	swiftpm-testing-helper
134	530709994732416	530709995028583	58193	57905	58193	1791506458	699080	29148898	swift-package
134	530709994732416	530709995028583	61276	58193	61276	1791506472	396259	1031226	swiftpm-testing-helper
135	530710104762458	530710105326916	58193	57905	58193	1791506458	699080	29148898	swift-package
135	530710104762458	530710105326916	61276	58193	61276	1791506472	396259	1031226	swiftpm-testing-helper
136	530710210512000	530710211146833	58193	57905	58193	1791506458	699080	29148898	swift-package
136	530710210512000	530710211146833	61276	58193	61276	1791506472	396259	1258400	swiftpm-testing-helper
137	530710312094208	530710312474625	58193	57905	58193	1791506458	699080	29148898	swift-package
137	530710312094208	530710312474625	61276	58193	61276	1791506472	396259	1258400	swiftpm-testing-helper
138	530710413704166	530710414283041	58193	57905	58193	1791506458	699080	29148898	swift-package
138	530710413704166	530710414283041	61276	58193	61276	1791506472	396259	1258400	swiftpm-testing-helper
139	530710515246083	530710515525458	58193	57905	58193	1791506458	699080	29148898	swift-package
139	530710515246083	530710515525458	61276	58193	61276	1791506472	396259	1258400	swiftpm-testing-helper
140	530710624548541	530710625159958	58193	57905	58193	1791506458	699080	29148898	swift-package
140	530710624548541	530710625159958	61276	58193	61276	1791506472	396259	1258400	swiftpm-testing-helper
141	530710727148875	530710727738750	58193	57905	58193	1791506458	699080	29148898	swift-package
141	530710727148875	530710727738750	61276	58193	61276	1791506472	396259	1258400	swiftpm-testing-helper
142	530710835846333	530710836176458	58193	57905	58193	1791506458	699080	29167283	swift-package
142	530710835846333	530710836176458	61368	58193	61368	1791506473	638550	1075072	swiftpm-testing-helper
143	530710943295458	530710943702583	58193	57905	58193	1791506458	699080	29213376	swift-package
143	530710943295458	530710943702583	61420	58193	61420	1791506473	781369	437341	swiftpm-testing-helper
144	530711044511750	530711044847916	58193	57905	58193	1791506458	699080	29238415	swift-package
144	530711044511750	530711044847916	61490	58193	61490	1791506473	850123	1360720	swiftpm-testing-helper
